{
    "classes": [
        "comedones",
        "pustules",
        "papules",
        "folliculitis"
    ],
    "test_accuracy": 0.5731343030929565,
    "test_loss": 1.0007178783416748,
    "class_weights": {
        "0": 2.165277777777778,
        "1": 1.1072443181818181,
        "2": 0.4297133406835722,
        "3": 3.247916666666667
    },
    "model_path": "acne_classifier_efficientnetb0_best.keras"
}